Workbook

Sheet Tabel Review
A1: Tabel Review 20 Paper: Metode Pengolahan Dataset Diabetes dan Komplikasinya (2023-2026)
A2: Semua isi diekstrak dari full text. Kolom mengikuti data extraction form Kitchenham & Charters (2007) yang disesuaikan dengan checklist CHARMS untuk studi model prediksi.
A4: No | B4: Kategori | C4: Penulis | D4: Tahun | E4: Judul | F4: Jurnal | G4: DOI | H4: Lisensi | I4: File PDF | J4: Tujuan Penelitian | K4: Gap Penelitian | L4: Kontribusi | M4: Target / Outcome | N4: Sumber Data | O4: Jumlah Sampel | P4: Preprocessing (Missing / Outlier / Scaling) | Q4: Penanganan Imbalance | R4: Seleksi Fitur | S4: Model | T4: Skema Validasi | U4: Metrik | V4: Hasil Utama | W4: Interpretabilitas | X4: Keterbatasan (penulis + catatan reviewer) | Y4: Kesimpulan | Z4: Relevansi ke Dataset Zenodo | AA4: Verifikasi
A5: 1 | B5: Retinopati (DR) | C5: Wang X, Shen P, Zhao G, Li J, Zhu Y, Li Y, Xu H, Liu J, Cui R | D5: 2024 | E5: An enhanced machine learning algorithm for type 2 diabetes prognosis with a detailed examination of key correlates | F5: Scientific Reports, 14 | G5: 10.1038/s41598-024-75898-w | H5: CC BY 4.0 | I5: papers/01_Wang2024.pdf | J5: Membangun model prediksi DR berperforma tinggi pada T2DM dan mengidentifikasi korelat kuncinya, sekaligus membandingkan ML dengan regresi logistik. | K5: Statistik konvensional mudah underfit dan kurang mampu menangani banyak fitur; seleksi fitur, tuning, serta analisis efek dan interaksi fitur masih bisa ditingkatkan. | L5: RFECV untuk membuang fitur redundan; perbandingan 4 model ML yang di-tuning; klaim penggunaan pertama GBDT untuk DR; 6 korelat (AUC 0,867) vs 27 faktor LR (AUC 0,834). | M5: Klasifikasi biner DR vs non-DR | N5: Diabetes Complication Early Warning Dataset, PLA General Hospital (via National Population Health Science Data Center), Tiongkok, 2021 | O5: 3.000 (1.500 DR / 1.500 non-DR); 85 kandidat fitur dari 86 variabel | P5: 52 dari 86 fitur memiliki missing; fitur dengan missing >50% sebagian besar dibuang; imputasi modus (kategorikal) dan mean (kontinu); normalisasi Min-Max [0,1] | Q5: Tidak perlu (kelas seimbang sejak desain) | R5: RFECV 3-fold, akhir 6 fitur: HbA1c, protein urin 24 jam, kreatinin serum, rasio albumin/kreatinin, urea, C-peptida | S5: LR (baseline), SVM, DT, RF, GBDT; tuning grid search + CV | T5: Split 50% train / 25% validasi / 25% test; tanpa validasi eksternal | U5: Accuracy, Precision, Recall, F1, AUC, ROC | V5: GBDT terbaik: Acc 0,788; Prec 0,830; Rec 0,754; F1 0,790; AUC 0,867. LR 27 faktor: Acc 0,773; AUC 0,834 | W5: SHAP (swarm, violin, dependence, interaction); C-peptida protektif; ACR dan protein urin 24 jam menaikkan risiko; 6 pasangan interaksi fitur | X5: Sampel hanya pasien Tiongkok; imputasi mean menambah error; durasi diabetes tidak tersedia; analisis interaksi masih eksploratif. Catatan reviewer: tidak ada validasi eksternal walau judul subbab menyebutnya. | Y5: GBDT dengan 6 faktor yang mudah dijelaskan lebih akurat daripada LR dengan 27 faktor. | Z5: Sangat tinggi: data tabular RS Tiongkok dengan banyak variabel lab dan missing, target komplikasi; pipeline lengkap dari imputasi sampai SHAP. | AA5: Full text
A6: 2 | B6: Retinopati (DR) | C6: Li B, Hu L, Zhang S, Li S, Tang W, Chen G | D6: 2024 | E6: The application and clinical translation of the self-evolving machine learning methods in predicting diabetic retinopathy and visualizing clinical transformation | F6: Frontiers in Endocrinology, 15:1429974 | G6: 10.3389/fendo.2024.1429974 | H6: CC BY | I6: papers/02_Li2024.pdf | J6: Menilai ML self-evolving untuk prediksi DR dan membangun alat visualisasi risiko individual. | K6: Model prediksi DR sebelumnya mayoritas model linear tergeneralisasi; ML self-evolving belum jelas diterapkan pada DR. | L6: Improved Beetle Antennae Search (IBAS: inisialisasi chaos, mutasi distribusi-t adaptif, random walk); model IBAS-XGB; perangkat lunak visualisasi. | M6: Klasifikasi biner DR vs non-DR | N6: Ganzhou People's Hospital, Tiongkok, Jan 2022 - Okt 2023 (satu RS) | O6: 300 (150 DR / 150 non-DR); 19 kandidat variabel | P6: Normalisasi Z-score; hanya pasien dengan data lengkap | Q6: Tidak perlu (seimbang sejak desain) | R6: Uji univariat (P<0,05) lalu regresi logistik multivariat, 8 prediktor | S6: LR, SVM, XGBoost (grid search) vs IBAS-XGB | T6: Split 80/20 (240/60) + 5-fold CV di training; tanpa validasi eksternal | U6: Precision, Sensitivity, Specificity, Accuracy, F1, ROC-AUC, PR-AUC | V6: IBAS-XGB terbaik: ROC-AUC 0,860; PR-AUC 0,883; Acc 0,850; F1 0,848. XGBoost 0,824; SVM 0,727; LR 0,652 | W6: Odds ratio LR: jenis kelamin laki-laki (3,10), HbA1c (2,70), tekanan sistolik (2,67) | X6: Retrospektif, satu RS, sampel kecil (test hanya 60), biaya komputasi IBAS tinggi; tidak ada uji statistik antar model. | Y6: ML self-evolving membantu identifikasi fitur DR dan prediksi dini; perlu validasi multisenter. | Z6: Sedang: ide tuning hyperparameter metaheuristik, tapi sampel kecil. | AA6: Full text
A7: 3 | B7: Retinopati (DR) | C7: Liu X, Wu S, Yang Y, Li Y, Zhang X, Liu R, Qin L, Li F | D7: 2025 | E7: Development of machine learning predictive model for type 2 diabetic retinopathy using the triglyceride-glucose index explained by SHAP method | F7: Frontiers in Endocrinology, 16:1631647 | G7: 10.3389/fendo.2025.1631647 | H7: CC BY | I7: papers/03_Liu2025.pdf | J7: Membangun model prediksi DR dengan indeks TyG sebagai prediktor baru dan menjelaskannya dengan SHAP. | K7: Sedikit model DR yang memasukkan resistensi insulin; HOMA-IR butuh insulin puasa yang jarang tersedia di layanan primer. | L7: Model ML pertama untuk DR dengan TyG sebagai prediktor inti; validasi lintas RS kota dan kabupaten; interpretasi SHAP. | M7: Klasifikasi biner DR vs non-DR | N7: First Hospital of Jilin University + Meihekou Central Hospital, Tiongkok, 2010-2023 | O7: 3.750 (1.392 DR / 2.358 non-DR); ukuran sampel minimal dihitung dengan metode Riley | P7: Buang pasien missing >20%; buang variabel missing >20% (C-peptida, insulin, CRP); imputasi mean dan modus; fitur turunan TyG = ln(TG x FPG / 2); VIF | Q7: Tidak ada (rasio sekitar 37:63) | R7: Variabel P<0,1 masuk RFECV, tersisa 9 fitur | S7: LR, DT, SVM, RF, XGBoost | T7: Split 7:3 + 5-fold CV | U7: Accuracy, Sensitivity, Specificity, Precision, F1, AUC | V7: LR dan SVM terbaik: AUC test 0,85; 5-fold CV LR 0,824 +/- 0,012, SVM 0,815 +/- 0,007 | W7: SHAP (TreeExplainer) + PDP: TyG, terapi insulin, HbA1c, durasi DM, HDL; efek non-linear di TyG > 4 | X7: Validasi internal saja; imputasi mean/modus sederhana; stadium DR tidak dibedakan. | Y7: TyG adalah prediktor murah dan berguna untuk skrining DR di layanan primer. | Z7: Sangat tinggi: dataset Zenodo memiliki lipid, glukosa, dan insulin sehingga TyG bisa dihitung. | AA7: Full text
A8: 4 | B8: Retinopati (DR) | C8: Kim MS, Choi YW, Prakash BS, Lee Y, Lim S, Woo SJ | D8: 2025 | E8: A machine learning-based prediction of diabetic retinopathy using the Korea national health and nutrition examination survey (2008-2012, 2017-2021) | F8: Frontiers in Medicine, 12:1542860 | G8: 10.3389/fmed.2025.1542860 | H8: CC BY | I8: papers/04_Kim2025.pdf | J8: Mengembangkan dan membandingkan algoritma ML untuk prediksi DR tanpa citra fundus. | K8: Fasilitas tanpa kamera fundus butuh alat skrining dari data klinis rutin. | L8: Model DR dari survei nasional representatif; perbandingan LR vs XGB, DT, RF; SHAP. | M8: Klasifikasi biner DR vs non-DR | N8: KNHANES, Korea Selatan, 2008-2012 dan 2017-2021 | O8: 3.026 (671 DR = 22,2%) | P8: Complete-case: hanya peserta tanpa missing pada variabel analisis | Q8: Tidak ada; threshold Youden | R8: RFECV 5-fold, 16 variabel | S8: LR, XGBoost, DT, RF; RandomizedSearchCV / grid search | T8: Split 8:2 (2.420 / 606) | U8: AUC (95% CI), Sensitivity, Specificity, Accuracy, PPV, NPV | V8: RF terbaik: AUC 0,748; Sens 0,669; Spec 0,729; Acc 0,715. LR 0,744; XGB 0,731; DT 0,651 | W8: SHAP: HbA1c, gula puasa, durasi DM, BMI | X8: Stadium DR tidak tersedia; hanya populasi Korea; complete-case membuang data. | Y8: Model ML dari data klinis cukup andal tanpa fundus dan bisa menjadi CDSS. | Z8: Tinggi: contoh jujur bahwa ML tidak selalu jauh lebih baik daripada LR. | AA8: Full text
A9: 5 | B9: Retinopati (DR) | C9: Pan H, Sun J, Luo X, Ai H, Zeng J, Shi R, Zhang A | D9: 2023 | E9: A risk prediction model for type 2 diabetes mellitus complicated with retinopathy based on machine learning and its application in health management | F9: Frontiers in Medicine, 10:1136653 | G9: 10.3389/fmed.2023.1136653 | H9: CC BY | I9: papers/05_Pan2023.pdf | J9: Membangun model risiko DR dengan indikator sesedikit mungkin untuk pasien T2DM di Tiongkok. | K9: Model DR yang ada memakai banyak indikator yang sebagian sulit diperoleh. | L9: Seleksi fitur 4 metode dengan aturan voting (terpilih di >=3 metode); nomogram dan kalkulator web. | M9: Risiko DR pada T2DM | N9: 6 komunitas di Yangpu dan Pudong, Shanghai, Tiongkok, Okt 2014 - Apr 2015 | O9: 2.385 (DR sekitar 20,5%); 23 kandidat faktor | P9: Complete-case (pasien dengan data hilang atau abnormal dikeluarkan); normalisasi untuk LASSO | Q9: Tidak ada | R9: LASSO, RF-RFE, XGBoost, BPNN; prediktor akhir: HbA1c, durasi, gula 2 jam PP, usia, SBP, ACR | S9: Regresi logistik Model I (6 prediktor) vs Model II (studi terdahulu) | T9: Split 7:3; 10-fold CV untuk LASSO | U9: AUC, Accuracy, Precision, Recall, F1, Balanced accuracy, kalibrasi, NRI | V9: AUC test Model I 0,679 = Model II 0,679; recall hanya 0,035; NRI 0,004 (CI melewati nol) | W9: Nomogram dan persamaan regresi | X9: Cross-sectional, satu wilayah, tanpa faktor gaya hidup. Catatan reviewer: peningkatan praktis nihil dan recall sangat rendah akibat data tidak seimbang tidak ditangani. | Y9: Model 6 variabel diklaim lebih baik dan berguna untuk skrining DR oleh dokter umum. | Z9: Sedang: teknik voting seleksi fitur bagus, tapi hasilnya contoh pentingnya menangani imbalance. | AA9: Full text
A10: 6 | B10: Retinopati (DR) | C10: Kim S, Park J, Son Y, Lee H, Woo S, Lee M, Lee H, Sang H, Yon DK, Rhee SY | D10: 2025 | E10: Development and Validation of a Machine Learning Algorithm for Predicting Diabetes Retinopathy in Patients With Type 2 Diabetes: Algorithm Development Study | F10: JMIR Medical Informatics, 13:e58107 | G10: 10.2196/58107 | H10: CC BY 4.0 | I10: papers/06_Kim2025.pdf | J10: Memprediksi DR dalam 3 tahun pada T2DM dari data EMR rutin. | K10: Kinerja model prediktif DR berbasis data klinis masih belum mapan; riset AI DR didominasi citra fundus. | L10: Model tabular untuk layanan primer; dislipidemia dan kanker sebagai prediktor utama; validasi eksternal 2 RS. | M10: DR dalam 3 tahun | N10: EMR Korea 2008-2022: Kyung Hee University Medical Center (discovery), 2 RS lain (validasi) | O10: Discovery 14.694 (DR 2,37%); validasi 1.856 (DR 7,38%); 57 kandidat variabel | P10: Pasien dengan data hilang dikeluarkan; nilai lab terakhir sebelum onset dirata-rata, juga variabilitas (SD) | Q10: SMOTE | R10: Ranking feature importance XGBoost (top 15) | S10: AdaBoost, CatBoost, LightGBM, RF, XGBoost; GridSearchCV | T10: Stratified 10-fold CV (internal) + validasi eksternal 2 RS | U10: AUROC, Accuracy, Sensitivity, Specificity, Balanced accuracy, Precision, F1, AUPRC | V10: XGBoost: AUROC internal 0,824, eksternal 0,717; Acc 75,1% vs 65,1% | W10: Feature importance: dislipidemia, kanker, hipertensi, CKD, variabilitas HbA1c dan glukosa | X10: Satu etnis; DR dari kode ICD; stadium DR tidak dimodelkan; performa turun di data eksternal. | Y10: XGBoost dapat memprediksi risiko DR 3 tahun dari data rutin, dengan penurunan performa di validasi eksternal. | Z10: Sedang: contoh validasi eksternal dan fitur variabilitas lab. | AA10: Full text
A11: 7 | B11: Ginjal (DKD) | C11: Liu XZ, Duan M, Huang HD, Zhang Y, Xiang TY, Niu WC, Zhou B, Wang HL, Zhang TT | D11: 2023 | E11: Predicting diabetic kidney disease for type 2 diabetes mellitus by machine learning in the real world: a multicenter retrospective study | F11: Frontiers in Endocrinology, 14:1184190 | G11: 10.3389/fendo.2023.1184190 | H11: CC BY | I11: papers/07_Liu2023.pdf | J11: Membangun model ML untuk diagnosis bantu DKD pada T2DM. | K11: Belum ada gold standard penilaian DKD selain biopsi; studi besar di populasi Tiongkok masih sedikit. | L11: Klaim penggunaan pertama CatBoost untuk DKD; perbandingan 15 algoritma; model ringkas 12 fitur; SHAP. | M11: Klasifikasi DKD vs T2DM tanpa DKD | N11: Platform Yidu-Cloud, 7 institusi di Tiongkok (periode tertulis tidak konsisten antara abstrak dan metode) | O11: 3.624 (1.856 DKD / 1.768 non-DKD); 53 kandidat variabel | P11: Pasien missing >25% dikeluarkan; sisa missing diimputasi MICE | Q11: Tidak perlu (hampir seimbang) | R11: LASSO 53 menjadi 38 fitur; model ringkas 12 fitur teratas SHAP | S11: 15 algoritma via PyCaret; CatBoost dituning Bayesian optimization | T11: Stratified split 80/20 + 10-fold CV | U11: AUC, Accuracy, Sensitivity | V11: CatBoost: AUC 0,861; Acc 0,777 (38 fitur); 12 fitur AUC 0,840 | W11: SHAP: tekanan sistolik, kreatinin, lama rawat, thrombin time, usia | X11: Indikator penting dengan missing tinggi dibuang (durasi DM, protein urin 24 jam); cross-sectional. Catatan reviewer: lama rawat inap berisiko bocor informasi (leakage). | Y11: CatBoost efektif untuk diagnosis bantu DKD dini; perlu validasi prospektif. | Z11: Tinggi: contoh MICE + LASSO + SHAP pada data EHR multisenter. | AA11: Full text
A12: 8 | B12: Ginjal (DKD) | C12: Sabanayagam C, He F, Nusinovici S, Li J, Lim C, Tan G, Cheng CY | D12: 2023 | E12: Prediction of diabetic kidney disease risk using machine learning models: a population-based cohort study of Asian adults | F12: eLife, 12:e81878 | G12: 10.7554/eLife.81878 | H12: CC BY 4.0 | I12: papers/08_Sabanayagam2023.pdf | J12: Membandingkan model ML dan LR untuk prediksi insiden DKD 6 tahun dan mengidentifikasi prediktor kunci. | K12: Sedikit studi ML untuk insiden DKD; regresi konvensional mudah overfit pada banyak variabel; butuh biomarker baru. | L12: ML + seleksi fitur mengungguli LR 7 faktor standar; metabolit sebagai calon faktor risiko baru. | M12: Insiden DKD dalam 6 tahun | N12: Singapore Epidemiology of Eye Diseases (SEED), kohort populasi, Singapura, baseline 2004-2011 | O12: 1.365 (162 DKD = 11,9%); 339 fitur dalam 6 set fitur | P12: Peserta missing >10% dikeluarkan; imputasi mean/modus | Q12: Stratified sampling saja | R12: RFE berbasis Elastic Net + importance RF/GBDT/XGB; akhir 15 fitur | S12: LR, LASSO, EN, CART, RF, GBDT, XGBoost, SVM, NB | T12: Stratified split 80/20 + 40 kali ulang 5-fold CV | U12: AUC (95% CI), Sensitivity, Specificity | V12: Elastic Net 15 fitur: AUC 0,851 vs LR 7 fitur 0,795 (naik relatif 7%); LASSO 0,820; GBDT 0,819 | W12: Usia, SBP, retinopati, eGFR rendah, HbA1c, metabolit lipid | X12: DKD dari satu kali pengukuran kreatinin; albuminuria dibuang karena missing; tanpa validasi eksternal. | Y12: Elastic Net dengan metabolit terpilih mengungguli model klinis standar. | Z12: Sedang: metodologi validasi kuat (CV berulang), tapi fitur metabolit tidak tersedia di Zenodo. | AA12: Full text
A13: 9 | B13: Ginjal (DKD) | C13: Cai SS, Zheng TY, Wang KY, Zhu HP | D13: 2024 | E13: Clinical study of different prediction models in predicting diabetic nephropathy in patients with type 2 diabetes mellitus | F13: World Journal of Diabetes, 15(1):43-52 | G13: 10.4239/wjd.v15.i1.43 | H13: CC BY-NC 4.0 | I13: papers/09_Cai2024.pdf | J13: Mengidentifikasi faktor DN pada T2DM dan membandingkan nomogram, decision tree, dan random forest. | K13: Sedikit studi yang membandingkan ketiga model untuk DN. | L13: 5 prediktor independen; perbandingan 3 model. | M13: Nefropati diabetik (DN) | N13: First People's Hospital of Wenling, Tiongkok, Agu 2019 - Agu 2022 | O13: 210 (74 DN / 136 non-DN); train 147 / test 63 | P13: Hanya data lengkap; tidak ada detail lain | Q13: Tidak ada | R13: Uji univariat lalu LR multivariat: durasi DM, gula puasa, kreatinin, HbA1c, retinopati | S13: Nomogram (LR), Decision Tree (rpart), Random Forest | T13: Split acak 7:3; uji DeLong | U13: Accuracy, Sensitivity, Specificity, Precision, AUC | V13: RF AUC 0,850 (Acc 0,730); nomogram AUC 0,811 (Acc 0,746); DT AUC 0,735 | W13: Nomogram, aturan pohon, importance RF | X13: Retrospektif, satu RS, sampel kecil; keunggulan RF atas nomogram tidak signifikan. | Y13: RF menunjukkan prediksi dan stabilitas yang baik untuk DN. | Z13: Sedang: baseline sederhana LR vs pohon. | AA13: Full text
A14: 10 | B14: Ginjal (DKD) | C14: Li T, Chen J, Zhang X, Wang K, Zhao X, Cao Y, Xu Z, Wang S, Su P, He X, Yang Y, Cao X, Liang X, Ma D | D14: 2025 | E14: A machine learning model for predicting the risk of diabetic nephropathy in individuals with type 2 diabetes mellitus | F14: Frontiers in Endocrinology, 16:1587932 | G14: 10.3389/fendo.2025.1587932 | H14: CC BY | I14: papers/10_Li2025.pdf | J14: Mengembangkan dan memvalidasi model ML risiko DKD, membandingkan 8 algoritma, dan membuat kalkulator online. | K14: Analisis komparatif banyak model ML untuk DKD pada T2DM belum dieksplorasi. | L14: Perbandingan 8 model; XGBoost terbaik; kalkulator web; SHAP dan DCA. | M14: Risiko DKD pada T2DM | N14: Shijiazhuang Second Hospital, Tiongkok, Des 2017 - Des 2023 | O14: 10.057 (5.162 DKD / 4.895 non-DKD); 47 kandidat fitur | P14: Tidak dilaporkan | Q14: Tidak perlu (hampir seimbang) | R14: LASSO 10-fold CV, 15 fitur | S14: LR, RF, SVM, GNB, KNN, GBM, AdaBoost, XGBoost (tuning tidak dilaporkan) | T14: 15% hold-out acak + split 7:3 + 10-fold CV | U14: AUC, Accuracy, F1, Sensitivity, Specificity, Brier (XGBoost saja), DCA | V14: XGBoost AUC 0,932 (train) / 0,930 (validasi); RF 0,817; LR 0,675 | W14: SHAP: mikroalbuminuria, retinopati, hipertensi, kreatinin, asam urat | X14: Tanpa data obat; data RS saja. Catatan reviewer: preprocessing tidak dilaporkan, 'validasi eksternal' berasal dari RS yang sama, dan CI AUC eksternal tidak cocok dengan nilainya. | Y14: XGBoost paling akurat dan kalkulatornya praktis. | Z14: Sedang: sampel besar, tapi pelaporan lemah sehingga cocok sebagai bahan kritik. | AA14: Full text
A15: 11 | B15: Ginjal (DKD) | C15: Lin X, Liu C, Wang H, Fan X, Li L, Xu J, Li C, Wang Y, Cai X, Peng X | D15: 2025 | E15: A SuperLearner approach for predicting diabetic kidney disease upon the initial diagnosis of T2DM in hospital | F15: BMC Medical Informatics and Decision Making, 25:148 | G15: 10.1186/s12911-025-02977-x | H15: CC BY 4.0 | I15: papers/11_Lin2025.pdf | J15: Memprediksi DKD pada pasien yang baru didiagnosis T2DM dari data dunia nyata. | K15: Studi lama mengecualikan pasien tanpa eGFR awal (bias seleksi); belum ada model gabungan via SuperLearner; penanganan missing sering tidak dilaporkan. | L15: Perbandingan model linear, non-linear, dan SuperLearner; SHAP tingkat pasien; calon penanda baru (leukosit, pH urin). | M15: Kejadian DKD sejak diagnosis awal T2DM | N15: Ningbo Municipal Hospital of TCM, Tiongkok, 2011-2023 | O15: 3.291 (563 DKD = 17,1%); 74 menjadi 46 prediktor | P15: Variabel missing >70% dibuang; pasien missing >30% dikeluarkan; MICE; outlier dibuang berdasarkan pertimbangan klinis | Q15: Tidak ada | R15: Tidak ada seleksi eksplisit (46 variabel) | S15: MLR, LASSO, RF, XGBoost, SuperLearner; tuning via CV | T15: Split 70/30 (2.303 / 988) | U15: AUC, Sensitivity, Specificity, PPV, NPV, likelihood ratio | V15: SuperLearner: AUC train 0,938, holdout 0,714; Sens 73,4%; Spec 59,1% | W15: SHAP: leukosit, neutrofil, hematokrit, hemoglobin, usia, HbA1c | X15: Satu RS, tidak ada data retinopati, follow-up pendek. Catatan reviewer: selisih AUC train dan holdout besar (overfitting). | Y15: SuperLearner yang dijelaskan dengan SHAP bisa membantu deteksi dini DKD. | Z15: Tinggi: contoh pelaporan missing yang rapi (ambang 70%/30% + MICE) dan performa realistis. | AA15: Full text
A16: 12 | B16: Ginjal (DKD) | C16: Luo J, Chen G, Yang J | D16: 2026 | E16: Development and internal validation of a machine-learning-based risk identification model for diabetic kidney disease in patients with type 2 diabetes | F16: Frontiers in Endocrinology, 17:1888060 | G16: 10.3389/fendo.2026.1888060 | H16: CC BY | I16: papers/12_Luo2026.pdf | J16: Membangun model non-invasif identifikasi risiko DKD dari indikator lab rutin. | K16: Kesadaran DKD rendah dan alat skrining dini kurang. | L16: Model LR terinterpretasi dengan DCA, kalibrasi, dan SHAP dari lab rutin. | M16: Klasifikasi DKD vs T2DM tanpa DKD | N16: Sihui People's Hospital, Guangdong, Tiongkok, Jan 2023 - Jun 2024 | O16: 602 (457 T2DM / 145 DKD) dari 820 rekam medis; 19 indikator lab | P16: Missing <5%: modus (kategorikal), mean (kontinu normal), KNN (numerik lain) | Q16: Tidak ada (rasio sekitar 3:1) | R16: LR univariat lalu multivariat: HbA1c, beta2-MG, protein urin, albumin, eGFR; VIF<5 | S16: LR, XGBoost, RF, AdaBoost, SVC, GNB | T16: Split 8:2 + 5-fold CV | U16: AUC, Accuracy, Sens, Spec, PPV, NPV, F1, Kappa, Brier, kalibrasi, DCA | V16: LR: AUC test 0,979; Sens 89,7%; Spec 92,4% | W16: SHAP: HbA1c, albumin, protein urin, eGFR, beta2-MG | X16: Satu RS, cross-sectional, tanpa durasi DM dan obat. Catatan reviewer: AUC sangat tinggi karena prediktor (protein urin, eGFR) bagian dari definisi DKD; RF AUC train 1,000. | Y16: LR dengan indikator rutin andal untuk stratifikasi risiko DKD. | Z16: Sangat tinggi: panel lab hampir sama dengan Zenodo; langkah imputasi eksplisit. | AA16: Full text
... A24: 20 | B24: Preprocessing: imbalance + ensemble | C24: Li W, Peng Y, Peng K | D24: 2024 | E24: Diabetes prediction model based on GA-XGBoost and stacking ensemble algorithm | F24: PLOS ONE, 19(9):e0311222 | G24: 10.1371/journal.pone.0311222 | H24: CC BY 4.0 | I24: papers/20_Li2024.pdf | J24: Membangun model prediksi diabetes dengan stacking berbasis GA-XGBoost dan menjelaskannya dengan SHAP. | K24: Metode ML tradisional akurasinya rendah dan generalisasinya buruk. | L24: Perbandingan 4 teknik resampling; GA untuk tuning XGBoost; stacking 2 lapis; SHAP. | M24: Prediksi diabetes | N24: BRFSS 2021 (Kaggle), Amerika Serikat | O24: Angka jumlah data tidak konsisten di naskah; prevalensi diabetes 14,2% | P24: Missing dihapus; recoding sesuai codebook | Q24: ROS, ADASYN, SMOTE, SMOTEENN (terbaik) | R24: Korelasi Pearson dan uji chi-square | S24: XGBoost, AdaBoost, LightGBM, DT, LR, GA-XGBoost, Stacking | T24: Split 80/20; 5-fold CV untuk stacking | U24: Accuracy, Precision, Recall, F1, AUC | V24: XGBoost tanpa resampling AUC 0,828 (recall 17%); stacking setelah SMOTEENN AUC 0,989; Acc 94,9% | W24: SHAP: kesehatan umum, kolesterol tinggi, BMI | X24: Data survei Kaggle; parameter optimasi memakan waktu. Catatan reviewer: lonjakan AUC setelah SMOTEENN menunjukkan kemungkinan resampling sebelum split (leakage); angka dataset tidak konsisten. | Y24: SMOTEENN paling efektif; stacking mengungguli model tunggal. | Z24: Sedang: perbandingan resampling berguna, tapi juga contoh kesalahan metodologis yang harus dihindari. | AA24: Full text

Sheet Rekap Metode
A1: Rekap frekuensi teknik di 20 paper (rumus COUNTIF ke sheet 'Tabel Review')
A3: Aspek / Teknik | B3: Jumlah Paper | C3: Kolom Sumber
A4: Kategori: Retinopati (DR) | B4: =COUNTIF('Tabel Review'!$B$5:$B$24,"*Retinopati*") -> 6 | C4: Kategori
A5: Kategori: Ginjal (DKD) | B5: =COUNTIF('Tabel Review'!$B$5:$B$24,"*Ginjal*") -> 6 | C5: Kategori
A6: Kategori: Neuropati (DPN) | B6: =COUNTIF('Tabel Review'!$B$5:$B$24,"*Neuropati*") -> 2 | C6: Kategori
A7: Kategori: Vaskular (PVD) | B7: =COUNTIF('Tabel Review'!$B$5:$B$24,"*Vaskular*") -> 1 | C7: Kategori
A8: Kategori: Multi-komplikasi | B8: =COUNTIF('Tabel Review'!$B$5:$B$24,"*Multi*") -> 2 | C8: Kategori
A9: Kategori: Preprocessing | B9: =COUNTIF('Tabel Review'!$B$5:$B$24,"Preprocessing*") -> 3 | C9: Kategori
A10: Imputasi MICE / multiple imputation | B10: =COUNTIF('Tabel Review'!$P$5:$P$24,"*MICE*") -> 3 | C10: Preprocessing (Missing / Outlier / Scaling)
A11: Imputasi mean / modus | B11: =COUNTIF('Tabel Review'!$P$5:$P$24,"*mean*") -> 5 | C11: Preprocessing (Missing / Outlier / Scaling)
A12: Imputasi KNN | B12: =COUNTIF('Tabel Review'!$P$5:$P$24,"*KNN*") -> 1 | C12: Preprocessing (Missing / Outlier / Scaling)
A13: Imputasi MissForest | B13: =COUNTIF('Tabel Review'!$P$5:$P$24,"*MissForest*") -> 1 | C13: Preprocessing (Missing / Outlier / Scaling)
A14: Pasien dengan missing dikeluarkan | B14: =COUNTIF('Tabel Review'!$P$5:$P$24,"*kelua*") -> 7 | C14: Preprocessing (Missing / Outlier / Scaling)
A15: Imbalance: SMOTE / variannya | B15: =COUNTIF('Tabel Review'!$Q$5:$Q$24,"*SMOTE*") -> 4 | C15: Penanganan Imbalance
A16: Imbalance: undersampling | B16: =COUNTIF('Tabel Review'!$Q$5:$Q$24,"*undersampling*") -> 1 | C16: Penanganan Imbalance
A17: Imbalance: downsampling | B17: =COUNTIF('Tabel Review'!$Q$5:$Q$24,"*downsampling*") -> 1 | C17: Penanganan Imbalance
A18: Seleksi fitur: RFE / RFECV | B18: =COUNTIF('Tabel Review'!$R$5:$R$24,"*RFE*") -> 7 | C18: Seleksi Fitur
A19: Seleksi fitur: LASSO | B19: =COUNTIF('Tabel Review'!$R$5:$R$24,"*LASSO*") -> 5 | C19: Seleksi Fitur
A20: Seleksi fitur: Boruta | B20: =COUNTIF('Tabel Review'!$R$5:$R$24,"*Boruta*") -> 2 | C20: Seleksi Fitur
A21: Model diuji: XGBoost | B21: =COUNTIF('Tabel Review'!$S$5:$S$24,"*XGB*") -> 14 | C21: Model
A22: Model diuji: Random Forest | B22: =COUNTIF('Tabel Review'!$S$5:$S$24,"*RF*") -> 14 | C22: Model
A23: Interpretabilitas: SHAP | B23: =COUNTIF('Tabel Review'!$W$5:$W$24,"*SHAP*") -> 13 | C23: Interpretabilitas
A24: Interpretabilitas: Nomogram | B24: =COUNTIF('Tabel Review'!$W$5:$W$24,"*omogram*") -> 4 | C24: Interpretabilitas
A25: Validasi: K-fold CV | B25: =COUNTIF('Tabel Review'!$T$5:$T$24,"*CV*") -> 14 | C25: Skema Validasi
A26: Validasi: eksternal (RS lain) | B26: =COUNTIF('Tabel Review'!$T$5:$T$24,"*+ validasi eksternal*") -> 2 | C26: Skema Validasi
A27: Data dari Tiongkok | B27: =COUNTIF('Tabel Review'!$N$5:$N$24,"*Tiongkok*") -> 14 | C27: Sumber Data
A28: Total paper | B28: =COUNTA('Tabel Review'!$A$5:$A$24) -> 20
A30: Catatan: hitungan berbasis pencocokan kata kunci, jadi periksa ulang jika isi tabel diubah.
